{"cameraMode":{"drawMode":0,"name":"Shaded","section":"Shading Mode"},"sceneLighting":false,"audioPlay":false,"sceneViewState":{"showFog":true,"showMaterialUpdate":false,"showSkybox":false,"showFlares":true,"showImageEffects":true,"showParticleSystems":true},"in2DMode":false,"pivot":{"x":-0.0010809898376464844,"y":0.019909143447875978,"z":-2.0317444801330568},"rotation":{"x":-0.22972147166728974,"y":0.6018382906913757,"z":-0.1863747239112854,"w":-0.7418139576911926},"size":4.041658401489258,"orthographic":false}