{"cameraMode":{"drawMode":0,"name":"Shaded","section":"Shading Mode"},"sceneLighting":true,"audioPlay":false,"sceneViewState":{"showFog":true,"showMaterialUpdate":false,"showSkybox":true,"showFlares":true,"showImageEffects":true,"showParticleSystems":true},"in2DMode":false,"pivot":{"x":1.3248337507247925,"y":-5.466041564941406,"z":-13.451826095581055},"rotation":{"x":-0.1304689645767212,"y":0.7027602195739746,"z":-0.13356035947799684,"w":-0.6865047812461853},"size":30.30949592590332,"orthographic":false}